language,vocab_size,total_words,diversity
sah,33219,98770,0.33632681988458035
en,41093,115090,0.3570510035624294
