metric,mean,std,min,max,median,q1,q3
char_len,318.9245,294.40137536487777,16,8612,232.0,147.0,391.0
word_len,39.1989,35.72187766683611,2,1024,29.0,19.0,48.0
