metric,type,mean,std,min,max,median
char_len,Yakut,28.5832492431887,10.981383785106267,7.0,130.0,27.0
char_len,English,30.523713420787082,12.080504067289974,5.0,135.0,28.0
word_len,Yakut,3.8799192734611503,1.5804073102222465,1.0,17.0,4.0
word_len,English,6.398587285570131,2.36292021482232,1.0,26.0,6.0
ratio,char,1.098272295204346,0.28888073469659525,0.38461538461538464,2.5,1.0714285714285714
ratio,word,1.7443293835425964,0.5300500779081357,0.6,4.0,1.6666666666666667
