language,vocab_size,total_words,diversity,avg_word_length
Yakut,2221,3845,0.5776332899869961,7.535344439441693
English,2324,4971,0.4675115670891169,6.605851979345955
