language,vocab_size,total_words,diversity,avg_word_length
Yakut,6087,12766,0.4768134106219646,7.992114342040414
English,3507,14824,0.23657582298974636,6.816082121471343
