metric,type,mean,std,min,max
char_len,Sakha,28.5832492431887,10.981383785106267,7.0,130.0
char_len,Russian,30.53380423814329,12.054615510629667,7.0,135.0
word_len,Sakha,3.8799192734611503,1.5804073102222465,1.0,17.0
word_len,Russian,6.409687184661958,2.364652792978422,2.0,26.0
ratio,char,1.0988884169266424,0.287997649314896,0.38461538461538464,2.5
ratio,word,1.7482059392102722,0.530208194964979,0.6,4.0
