metric,type,mean,std,min,max
char_len,Sakha,96.92409867172675,99.76564673585726,2.0,3417.0
char_len,Russian,103.97014547754586,107.6322842959526,2.0,3412.0
word_len,Sakha,12.494623655913978,14.387248440913885,1.0,526.0
word_len,Russian,19.079822896900694,21.867882392518098,1.0,662.0
ratio,char,1.1184293881550103,0.5321600953274072,0.15789473684210525,13.5
ratio,word,1.5351187299712274,0.7021518081389262,0.3333333333333333,8.642857142857142
